[{"model": "admin.logentry", "pk": 1, "fields": {"action_time": "2021-12-22T07:29:53.796Z", "user": 1, "content_type": 7, "object_id": "100", "object_repr": "economical", "action_flag": 1, "change_message": "[{\"added\": {}}]"}}, {"model": "admin.logentry", "pk": 2, "fields": {"action_time": "2021-12-22T07:30:05.859Z", "user": 1, "content_type": 7, "object_id": "200", "object_repr": "sports", "action_flag": 1, "change_message": "[{\"added\": {}}]"}}, {"model": "admin.logentry", "pk": 3, "fields": {"action_time": "2021-12-22T07:30:13.476Z", "user": 1, "content_type": 7, "object_id": "300", "object_repr": "artistic", "action_flag": 1, "change_message": "[{\"added\": {}}]"}}, {"model": "admin.logentry", "pk": 4, "fields": {"action_time": "2021-12-22T07:30:44.609Z", "user": 1, "content_type": 7, "object_id": "300", "object_repr": "artistic", "action_flag": 2, "change_message": "[]"}}, {"model": "admin.logentry", "pk": 5, "fields": {"action_time": "2021-12-22T07:30:51.990Z", "user": 1, "content_type": 7, "object_id": "400", "object_repr": "Cultural", "action_flag": 1, "change_message": "[{\"added\": {}}]"}}, {"model": "admin.logentry", "pk": 6, "fields": {"action_time": "2021-12-22T07:31:03.465Z", "user": 1, "content_type": 7, "object_id": "500", "object_repr": "Political", "action_flag": 1, "change_message": "[{\"added\": {}}]"}}, {"model": "admin.logentry", "pk": 7, "fields": {"action_time": "2021-12-22T07:31:47.540Z", "user": 1, "content_type": 10, "object_id": "1", "object_repr": "question 1", "action_flag": 1, "change_message": "[{\"added\": {}}]"}}, {"model": "admin.logentry", "pk": 8, "fields": {"action_time": "2021-12-22T07:31:57.279Z", "user": 1, "content_type": 10, "object_id": "2", "object_repr": "question 2", "action_flag": 1, "change_message": "[{\"added\": {}}]"}}, {"model": "admin.logentry", "pk": 9, "fields": {"action_time": "2021-12-22T07:32:05.837Z", "user": 1, "content_type": 10, "object_id": "3", "object_repr": "question 3", "action_flag": 1, "change_message": "[{\"added\": {}}]"}}, {"model": "admin.logentry", "pk": 10, "fields": {"action_time": "2021-12-22T07:32:12.875Z", "user": 1, "content_type": 10, "object_id": "4", "object_repr": "question 4", "action_flag": 1, "change_message": "[{\"added\": {}}]"}}, {"model": "admin.logentry", "pk": 11, "fields": {"action_time": "2021-12-22T07:32:21.258Z", "user": 1, "content_type": 10, "object_id": "5", "object_repr": "question 5", "action_flag": 1, "change_message": "[{\"added\": {}}]"}}, {"model": "admin.logentry", "pk": 12, "fields": {"action_time": "2021-12-22T07:33:24.534Z", "user": 1, "content_type": 10, "object_id": "6", "object_repr": "sport question 1", "action_flag": 1, "change_message": "[{\"added\": {}}]"}}, {"model": "admin.logentry", "pk": 13, "fields": {"action_time": "2021-12-22T07:33:33.367Z", "user": 1, "content_type": 10, "object_id": "7", "object_repr": "sport question 2", "action_flag": 1, "change_message": "[{\"added\": {}}]"}}, {"model": "admin.logentry", "pk": 14, "fields": {"action_time": "2021-12-22T07:33:41.786Z", "user": 1, "content_type": 10, "object_id": "8", "object_repr": "sport question 3", "action_flag": 1, "change_message": "[{\"added\": {}}]"}}, {"model": "admin.logentry", "pk": 15, "fields": {"action_time": "2021-12-22T07:33:49.078Z", "user": 1, "content_type": 10, "object_id": "9", "object_repr": "sport question 4", "action_flag": 1, "change_message": "[{\"added\": {}}]"}}, {"model": "admin.logentry", "pk": 16, "fields": {"action_time": "2021-12-22T07:33:56.922Z", "user": 1, "content_type": 10, "object_id": "10", "object_repr": "sport question 5", "action_flag": 1, "change_message": "[{\"added\": {}}]"}}, {"model": "admin.logentry", "pk": 17, "fields": {"action_time": "2021-12-22T07:34:14.758Z", "user": 1, "content_type": 10, "object_id": "11", "object_repr": "art question 1", "action_flag": 1, "change_message": "[{\"added\": {}}]"}}, {"model": "admin.logentry", "pk": 18, "fields": {"action_time": "2021-12-22T07:34:22.289Z", "user": 1, "content_type": 10, "object_id": "12", "object_repr": "art question 2", "action_flag": 1, "change_message": "[{\"added\": {}}]"}}, {"model": "admin.logentry", "pk": 19, "fields": {"action_time": "2021-12-22T07:34:54.259Z", "user": 1, "content_type": 10, "object_id": "13", "object_repr": "art question 3", "action_flag": 1, "change_message": "[{\"added\": {}}]"}}, {"model": "admin.logentry", "pk": 20, "fields": {"action_time": "2021-12-22T07:35:03.782Z", "user": 1, "content_type": 10, "object_id": "14", "object_repr": "art question 4", "action_flag": 1, "change_message": "[{\"added\": {}}]"}}, {"model": "admin.logentry", "pk": 21, "fields": {"action_time": "2021-12-22T07:35:09.510Z", "user": 1, "content_type": 10, "object_id": "15", "object_repr": "art question 5", "action_flag": 1, "change_message": "[{\"added\": {}}]"}}, {"model": "admin.logentry", "pk": 22, "fields": {"action_time": "2021-12-22T07:35:38.382Z", "user": 1, "content_type": 10, "object_id": "16", "object_repr": "cultural question 1", "action_flag": 1, "change_message": "[{\"added\": {}}]"}}, {"model": "admin.logentry", "pk": 23, "fields": {"action_time": "2021-12-22T07:35:52.773Z", "user": 1, "content_type": 10, "object_id": "17", "object_repr": "cultural question 2", "action_flag": 1, "change_message": "[{\"added\": {}}]"}}, {"model": "admin.logentry", "pk": 24, "fields": {"action_time": "2021-12-22T07:36:00.473Z", "user": 1, "content_type": 10, "object_id": "18", "object_repr": "cultural question 3", "action_flag": 1, "change_message": "[{\"added\": {}}]"}}, {"model": "admin.logentry", "pk": 25, "fields": {"action_time": "2021-12-22T07:36:08.236Z", "user": 1, "content_type": 10, "object_id": "19", "object_repr": "cultural question", "action_flag": 1, "change_message": "[{\"added\": {}}]"}}, {"model": "admin.logentry", "pk": 26, "fields": {"action_time": "2021-12-22T07:36:15.605Z", "user": 1, "content_type": 10, "object_id": "19", "object_repr": "cultural question 4", "action_flag": 2, "change_message": "[{\"changed\": {\"fields\": [\"Quest title\"]}}]"}}, {"model": "admin.logentry", "pk": 27, "fields": {"action_time": "2021-12-22T07:36:23.438Z", "user": 1, "content_type": 10, "object_id": "20", "object_repr": "cultural question 5", "action_flag": 1, "change_message": "[{\"added\": {}}]"}}, {"model": "admin.logentry", "pk": 28, "fields": {"action_time": "2021-12-22T07:36:43.893Z", "user": 1, "content_type": 10, "object_id": "21", "object_repr": "political question 1", "action_flag": 1, "change_message": "[{\"added\": {}}]"}}, {"model": "admin.logentry", "pk": 29, "fields": {"action_time": "2021-12-22T07:36:49.662Z", "user": 1, "content_type": 10, "object_id": "22", "object_repr": "political question 2", "action_flag": 1, "change_message": "[{\"added\": {}}]"}}, {"model": "admin.logentry", "pk": 30, "fields": {"action_time": "2021-12-22T07:36:55.787Z", "user": 1, "content_type": 10, "object_id": "23", "object_repr": "political question 3", "action_flag": 1, "change_message": "[{\"added\": {}}]"}}, {"model": "admin.logentry", "pk": 31, "fields": {"action_time": "2021-12-22T07:37:02.925Z", "user": 1, "content_type": 10, "object_id": "24", "object_repr": "political question 4", "action_flag": 1, "change_message": "[{\"added\": {}}]"}}, {"model": "admin.logentry", "pk": 32, "fields": {"action_time": "2021-12-22T07:37:11.576Z", "user": 1, "content_type": 10, "object_id": "25", "object_repr": "political question 5", "action_flag": 1, "change_message": "[{\"added\": {}}]"}}, {"model": "admin.logentry", "pk": 33, "fields": {"action_time": "2021-12-22T07:37:24.586Z", "user": 1, "content_type": 11, "object_id": "1", "object_repr": "a", "action_flag": 1, "change_message": "[{\"added\": {}}]"}}, {"model": "admin.logentry", "pk": 34, "fields": {"action_time": "2021-12-22T07:37:31.103Z", "user": 1, "content_type": 11, "object_id": "2", "object_repr": "a", "action_flag": 1, "change_message": "[{\"added\": {}}]"}}, {"model": "admin.logentry", "pk": 35, "fields": {"action_time": "2021-12-22T07:37:36.651Z", "user": 1, "content_type": 11, "object_id": "3", "object_repr": "a", "action_flag": 1, "change_message": "[{\"added\": {}}]"}}, {"model": "admin.logentry", "pk": 36, "fields": {"action_time": "2021-12-22T07:37:43.347Z", "user": 1, "content_type": 11, "object_id": "4", "object_repr": "a", "action_flag": 1, "change_message": "[{\"added\": {}}]"}}, {"model": "admin.logentry", "pk": 37, "fields": {"action_time": "2021-12-22T07:37:51.726Z", "user": 1, "content_type": 11, "object_id": "5", "object_repr": "a", "action_flag": 1, "change_message": "[{\"added\": {}}]"}}, {"model": "admin.logentry", "pk": 38, "fields": {"action_time": "2021-12-22T07:37:57.217Z", "user": 1, "content_type": 11, "object_id": "6", "object_repr": "b", "action_flag": 1, "change_message": "[{\"added\": {}}]"}}, {"model": "admin.logentry", "pk": 39, "fields": {"action_time": "2021-12-22T07:38:02.505Z", "user": 1, "content_type": 11, "object_id": "7", "object_repr": "b", "action_flag": 1, "change_message": "[{\"added\": {}}]"}}, {"model": "admin.logentry", "pk": 40, "fields": {"action_time": "2021-12-22T07:38:08.533Z", "user": 1, "content_type": 11, "object_id": "8", "object_repr": "b", "action_flag": 1, "change_message": "[{\"added\": {}}]"}}, {"model": "admin.logentry", "pk": 41, "fields": {"action_time": "2021-12-22T07:38:16.145Z", "user": 1, "content_type": 11, "object_id": "9", "object_repr": "b", "action_flag": 1, "change_message": "[{\"added\": {}}]"}}, {"model": "admin.logentry", "pk": 42, "fields": {"action_time": "2021-12-22T07:38:23.513Z", "user": 1, "content_type": 11, "object_id": "10", "object_repr": "b", "action_flag": 1, "change_message": "[{\"added\": {}}]"}}, {"model": "admin.logentry", "pk": 43, "fields": {"action_time": "2021-12-22T07:38:34.270Z", "user": 1, "content_type": 11, "object_id": "11", "object_repr": "b", "action_flag": 1, "change_message": "[{\"added\": {}}]"}}, {"model": "admin.logentry", "pk": 44, "fields": {"action_time": "2021-12-22T07:39:02.283Z", "user": 1, "content_type": 11, "object_id": "9", "object_repr": "b", "action_flag": 3, "change_message": ""}}, {"model": "admin.logentry", "pk": 45, "fields": {"action_time": "2021-12-22T07:39:11.734Z", "user": 1, "content_type": 11, "object_id": "12", "object_repr": "c", "action_flag": 1, "change_message": "[{\"added\": {}}]"}}, {"model": "admin.logentry", "pk": 46, "fields": {"action_time": "2021-12-22T07:39:16.617Z", "user": 1, "content_type": 11, "object_id": "13", "object_repr": "c", "action_flag": 1, "change_message": "[{\"added\": {}}]"}}, {"model": "admin.logentry", "pk": 47, "fields": {"action_time": "2021-12-22T07:39:21.815Z", "user": 1, "content_type": 11, "object_id": "14", "object_repr": "c", "action_flag": 1, "change_message": "[{\"added\": {}}]"}}, {"model": "admin.logentry", "pk": 48, "fields": {"action_time": "2021-12-22T07:39:46.698Z", "user": 1, "content_type": 11, "object_id": "14", "object_repr": "c", "action_flag": 3, "change_message": ""}}, {"model": "admin.logentry", "pk": 49, "fields": {"action_time": "2021-12-22T07:39:46.981Z", "user": 1, "content_type": 11, "object_id": "13", "object_repr": "c", "action_flag": 3, "change_message": ""}}, {"model": "admin.logentry", "pk": 50, "fields": {"action_time": "2021-12-22T07:39:47.080Z", "user": 1, "content_type": 11, "object_id": "12", "object_repr": "c", "action_flag": 3, "change_message": ""}}, {"model": "admin.logentry", "pk": 51, "fields": {"action_time": "2021-12-22T07:39:47.178Z", "user": 1, "content_type": 11, "object_id": "11", "object_repr": "b", "action_flag": 3, "change_message": ""}}, {"model": "admin.logentry", "pk": 52, "fields": {"action_time": "2021-12-22T07:39:47.276Z", "user": 1, "content_type": 11, "object_id": "10", "object_repr": "b", "action_flag": 3, "change_message": ""}}, {"model": "admin.logentry", "pk": 53, "fields": {"action_time": "2021-12-22T07:39:47.377Z", "user": 1, "content_type": 11, "object_id": "8", "object_repr": "b", "action_flag": 3, "change_message": ""}}, {"model": "admin.logentry", "pk": 54, "fields": {"action_time": "2021-12-22T07:39:47.485Z", "user": 1, "content_type": 11, "object_id": "7", "object_repr": "b", "action_flag": 3, "change_message": ""}}, {"model": "admin.logentry", "pk": 55, "fields": {"action_time": "2021-12-22T07:39:47.583Z", "user": 1, "content_type": 11, "object_id": "6", "object_repr": "b", "action_flag": 3, "change_message": ""}}, {"model": "admin.logentry", "pk": 56, "fields": {"action_time": "2021-12-22T07:39:47.682Z", "user": 1, "content_type": 11, "object_id": "5", "object_repr": "a", "action_flag": 3, "change_message": ""}}, {"model": "admin.logentry", "pk": 57, "fields": {"action_time": "2021-12-22T07:39:47.780Z", "user": 1, "content_type": 11, "object_id": "4", "object_repr": "a", "action_flag": 3, "change_message": ""}}, {"model": "admin.logentry", "pk": 58, "fields": {"action_time": "2021-12-22T07:39:47.879Z", "user": 1, "content_type": 11, "object_id": "3", "object_repr": "a", "action_flag": 3, "change_message": ""}}, {"model": "admin.logentry", "pk": 59, "fields": {"action_time": "2021-12-22T07:39:47.978Z", "user": 1, "content_type": 11, "object_id": "2", "object_repr": "a", "action_flag": 3, "change_message": ""}}, {"model": "admin.logentry", "pk": 60, "fields": {"action_time": "2021-12-22T07:39:48.076Z", "user": 1, "content_type": 11, "object_id": "1", "object_repr": "a", "action_flag": 3, "change_message": ""}}, {"model": "admin.logentry", "pk": 61, "fields": {"action_time": "2021-12-22T07:39:55.676Z", "user": 1, "content_type": 11, "object_id": "15", "object_repr": "a", "action_flag": 1, "change_message": "[{\"added\": {}}]"}}, {"model": "admin.logentry", "pk": 62, "fields": {"action_time": "2021-12-22T07:40:06.316Z", "user": 1, "content_type": 11, "object_id": "16", "object_repr": "a", "action_flag": 1, "change_message": "[{\"added\": {}}]"}}, {"model": "admin.logentry", "pk": 63, "fields": {"action_time": "2021-12-22T07:40:11.945Z", "user": 1, "content_type": 11, "object_id": "17", "object_repr": "a", "action_flag": 1, "change_message": "[{\"added\": {}}]"}}, {"model": "admin.logentry", "pk": 64, "fields": {"action_time": "2021-12-22T07:40:19.449Z", "user": 1, "content_type": 11, "object_id": "18", "object_repr": "a", "action_flag": 1, "change_message": "[{\"added\": {}}]"}}, {"model": "admin.logentry", "pk": 65, "fields": {"action_time": "2021-12-22T07:40:34.148Z", "user": 1, "content_type": 11, "object_id": "18", "object_repr": "a", "action_flag": 2, "change_message": "[]"}}, {"model": "admin.logentry", "pk": 66, "fields": {"action_time": "2021-12-22T07:40:51.742Z", "user": 1, "content_type": 11, "object_id": "18", "object_repr": "a", "action_flag": 3, "change_message": ""}}, {"model": "admin.logentry", "pk": 67, "fields": {"action_time": "2021-12-22T07:40:51.977Z", "user": 1, "content_type": 11, "object_id": "17", "object_repr": "a", "action_flag": 3, "change_message": ""}}, {"model": "admin.logentry", "pk": 68, "fields": {"action_time": "2021-12-22T07:40:52.198Z", "user": 1, "content_type": 11, "object_id": "16", "object_repr": "a", "action_flag": 3, "change_message": ""}}, {"model": "admin.logentry", "pk": 69, "fields": {"action_time": "2021-12-22T07:40:52.420Z", "user": 1, "content_type": 11, "object_id": "15", "object_repr": "a", "action_flag": 3, "change_message": ""}}, {"model": "admin.logentry", "pk": 70, "fields": {"action_time": "2021-12-22T07:41:02.454Z", "user": 1, "content_type": 11, "object_id": "19", "object_repr": "aaa", "action_flag": 1, "change_message": "[{\"added\": {}}]"}}, {"model": "admin.logentry", "pk": 71, "fields": {"action_time": "2021-12-22T07:41:07.564Z", "user": 1, "content_type": 11, "object_id": "20", "object_repr": "aaa", "action_flag": 1, "change_message": "[{\"added\": {}}]"}}, {"model": "admin.logentry", "pk": 72, "fields": {"action_time": "2021-12-22T07:41:12.643Z", "user": 1, "content_type": 11, "object_id": "21", "object_repr": "aaa", "action_flag": 1, "change_message": "[{\"added\": {}}]"}}, {"model": "admin.logentry", "pk": 73, "fields": {"action_time": "2021-12-22T07:41:18.363Z", "user": 1, "content_type": 11, "object_id": "22", "object_repr": "aaa", "action_flag": 1, "change_message": "[{\"added\": {}}]"}}, {"model": "admin.logentry", "pk": 74, "fields": {"action_time": "2021-12-22T07:41:22.594Z", "user": 1, "content_type": 11, "object_id": "23", "object_repr": "aaa", "action_flag": 1, "change_message": "[{\"added\": {}}]"}}, {"model": "admin.logentry", "pk": 75, "fields": {"action_time": "2021-12-22T07:41:29.597Z", "user": 1, "content_type": 11, "object_id": "24", "object_repr": "bbb", "action_flag": 1, "change_message": "[{\"added\": {}}]"}}, {"model": "admin.logentry", "pk": 76, "fields": {"action_time": "2021-12-22T07:41:37.440Z", "user": 1, "content_type": 11, "object_id": "25", "object_repr": "bbb", "action_flag": 1, "change_message": "[{\"added\": {}}]"}}, {"model": "admin.logentry", "pk": 77, "fields": {"action_time": "2021-12-22T07:41:43.324Z", "user": 1, "content_type": 11, "object_id": "26", "object_repr": "bbb", "action_flag": 1, "change_message": "[{\"added\": {}}]"}}, {"model": "admin.logentry", "pk": 78, "fields": {"action_time": "2021-12-22T07:41:48.117Z", "user": 1, "content_type": 11, "object_id": "27", "object_repr": "bbb", "action_flag": 1, "change_message": "[{\"added\": {}}]"}}, {"model": "admin.logentry", "pk": 79, "fields": {"action_time": "2021-12-22T07:41:55.642Z", "user": 1, "content_type": 11, "object_id": "28", "object_repr": "bbb", "action_flag": 1, "change_message": "[{\"added\": {}}]"}}, {"model": "admin.logentry", "pk": 80, "fields": {"action_time": "2021-12-22T07:42:14.950Z", "user": 1, "content_type": 11, "object_id": "29", "object_repr": "ccc", "action_flag": 1, "change_message": "[{\"added\": {}}]"}}, {"model": "admin.logentry", "pk": 81, "fields": {"action_time": "2021-12-22T07:42:21.072Z", "user": 1, "content_type": 11, "object_id": "30", "object_repr": "ccc", "action_flag": 1, "change_message": "[{\"added\": {}}]"}}, {"model": "admin.logentry", "pk": 82, "fields": {"action_time": "2021-12-22T07:42:26.222Z", "user": 1, "content_type": 11, "object_id": "31", "object_repr": "ccc", "action_flag": 1, "change_message": "[{\"added\": {}}]"}}, {"model": "admin.logentry", "pk": 83, "fields": {"action_time": "2021-12-22T07:42:33.714Z", "user": 1, "content_type": 11, "object_id": "32", "object_repr": "ccc", "action_flag": 1, "change_message": "[{\"added\": {}}]"}}, {"model": "admin.logentry", "pk": 84, "fields": {"action_time": "2021-12-22T07:42:43.147Z", "user": 1, "content_type": 11, "object_id": "33", "object_repr": "ddd", "action_flag": 1, "change_message": "[{\"added\": {}}]"}}, {"model": "admin.logentry", "pk": 85, "fields": {"action_time": "2021-12-22T07:42:48.355Z", "user": 1, "content_type": 11, "object_id": "34", "object_repr": "ddd", "action_flag": 1, "change_message": "[{\"added\": {}}]"}}, {"model": "admin.logentry", "pk": 86, "fields": {"action_time": "2021-12-22T07:42:53.953Z", "user": 1, "content_type": 11, "object_id": "35", "object_repr": "ddd", "action_flag": 1, "change_message": "[{\"added\": {}}]"}}, {"model": "admin.logentry", "pk": 87, "fields": {"action_time": "2021-12-22T07:43:00.508Z", "user": 1, "content_type": 11, "object_id": "36", "object_repr": "ddd", "action_flag": 1, "change_message": "[{\"added\": {}}]"}}, {"model": "admin.logentry", "pk": 88, "fields": {"action_time": "2021-12-22T07:43:05.911Z", "user": 1, "content_type": 11, "object_id": "37", "object_repr": "ddd", "action_flag": 1, "change_message": "[{\"added\": {}}]"}}, {"model": "admin.logentry", "pk": 89, "fields": {"action_time": "2021-12-22T07:43:12.129Z", "user": 1, "content_type": 11, "object_id": "38", "object_repr": "aaa", "action_flag": 1, "change_message": "[{\"added\": {}}]"}}, {"model": "admin.logentry", "pk": 90, "fields": {"action_time": "2021-12-22T07:43:16.801Z", "user": 1, "content_type": 11, "object_id": "39", "object_repr": "aaa", "action_flag": 1, "change_message": "[{\"added\": {}}]"}}, {"model": "admin.logentry", "pk": 91, "fields": {"action_time": "2021-12-22T07:43:24.576Z", "user": 1, "content_type": 11, "object_id": "39", "object_repr": "aaa", "action_flag": 2, "change_message": "[{\"changed\": {\"fields\": [\"Answer a\"]}}]"}}, {"model": "admin.logentry", "pk": 92, "fields": {"action_time": "2021-12-22T07:43:31.084Z", "user": 1, "content_type": 11, "object_id": "40", "object_repr": "aaa", "action_flag": 1, "change_message": "[{\"added\": {}}]"}}, {"model": "admin.logentry", "pk": 93, "fields": {"action_time": "2021-12-22T07:43:36.422Z", "user": 1, "content_type": 11, "object_id": "41", "object_repr": "aaa", "action_flag": 1, "change_message": "[{\"added\": {}}]"}}, {"model": "admin.logentry", "pk": 94, "fields": {"action_time": "2021-12-22T07:43:42.437Z", "user": 1, "content_type": 11, "object_id": "42", "object_repr": "aaa", "action_flag": 1, "change_message": "[{\"added\": {}}]"}}, {"model": "admin.logentry", "pk": 95, "fields": {"action_time": "2021-12-22T07:43:49.024Z", "user": 1, "content_type": 11, "object_id": "43", "object_repr": "bbb", "action_flag": 1, "change_message": "[{\"added\": {}}]"}}, {"model": "admin.logentry", "pk": 96, "fields": {"action_time": "2021-12-22T07:43:58.112Z", "user": 1, "content_type": 11, "object_id": "43", "object_repr": "bbb", "action_flag": 2, "change_message": "[]"}}, {"model": "admin.logentry", "pk": 97, "fields": {"action_time": "2021-12-22T07:44:04.492Z", "user": 1, "content_type": 11, "object_id": "44", "object_repr": "bbb", "action_flag": 1, "change_message": "[{\"added\": {}}]"}}, {"model": "admin.logentry", "pk": 98, "fields": {"action_time": "2021-12-22T07:44:12.279Z", "user": 1, "content_type": 11, "object_id": "45", "object_repr": "bbb", "action_flag": 1, "change_message": "[{\"added\": {}}]"}}, {"model": "admin.logentry", "pk": 99, "fields": {"action_time": "2021-12-22T07:44:18.898Z", "user": 1, "content_type": 11, "object_id": "46", "object_repr": "bbb", "action_flag": 1, "change_message": "[{\"added\": {}}]"}}, {"model": "admin.logentry", "pk": 100, "fields": {"action_time": "2021-12-22T07:44:24.718Z", "user": 1, "content_type": 11, "object_id": "47", "object_repr": "bbb", "action_flag": 1, "change_message": "[{\"added\": {}}]"}}, {"model": "admin.logentry", "pk": 101, "fields": {"action_time": "2021-12-22T07:44:31.431Z", "user": 1, "content_type": 11, "object_id": "48", "object_repr": "bbb", "action_flag": 1, "change_message": "[{\"added\": {}}]"}}, {"model": "admin.logentry", "pk": 102, "fields": {"action_time": "2021-12-22T07:44:38.959Z", "user": 1, "content_type": 11, "object_id": "49", "object_repr": "ccc", "action_flag": 1, "change_message": "[{\"added\": {}}]"}}, {"model": "admin.logentry", "pk": 103, "fields": {"action_time": "2021-12-22T07:44:43.776Z", "user": 1, "content_type": 11, "object_id": "50", "object_repr": "ccc", "action_flag": 1, "change_message": "[{\"added\": {}}]"}}, {"model": "admin.logentry", "pk": 104, "fields": {"action_time": "2021-12-22T07:44:49.581Z", "user": 1, "content_type": 11, "object_id": "51", "object_repr": "ccc", "action_flag": 1, "change_message": "[{\"added\": {}}]"}}, {"model": "admin.logentry", "pk": 105, "fields": {"action_time": "2021-12-22T07:44:55.618Z", "user": 1, "content_type": 11, "object_id": "52", "object_repr": "ccc", "action_flag": 1, "change_message": "[{\"added\": {}}]"}}, {"model": "admin.logentry", "pk": 106, "fields": {"action_time": "2021-12-22T07:45:01.942Z", "user": 1, "content_type": 11, "object_id": "53", "object_repr": "ccc", "action_flag": 1, "change_message": "[{\"added\": {}}]"}}, {"model": "admin.logentry", "pk": 107, "fields": {"action_time": "2021-12-22T07:45:12.408Z", "user": 1, "content_type": 11, "object_id": "54", "object_repr": "ddd", "action_flag": 1, "change_message": "[{\"added\": {}}]"}}, {"model": "admin.logentry", "pk": 108, "fields": {"action_time": "2021-12-22T07:45:18.422Z", "user": 1, "content_type": 11, "object_id": "55", "object_repr": "ddd", "action_flag": 1, "change_message": "[{\"added\": {}}]"}}, {"model": "admin.logentry", "pk": 109, "fields": {"action_time": "2021-12-22T07:45:23.499Z", "user": 1, "content_type": 11, "object_id": "56", "object_repr": "ddd", "action_flag": 1, "change_message": "[{\"added\": {}}]"}}, {"model": "admin.logentry", "pk": 110, "fields": {"action_time": "2021-12-22T07:45:29.191Z", "user": 1, "content_type": 11, "object_id": "57", "object_repr": "ddd", "action_flag": 1, "change_message": "[{\"added\": {}}]"}}, {"model": "admin.logentry", "pk": 111, "fields": {"action_time": "2021-12-22T07:45:33.685Z", "user": 1, "content_type": 11, "object_id": "58", "object_repr": "ddd", "action_flag": 1, "change_message": "[{\"added\": {}}]"}}, {"model": "admin.logentry", "pk": 112, "fields": {"action_time": "2021-12-22T07:45:40.805Z", "user": 1, "content_type": 11, "object_id": "59", "object_repr": "aaa", "action_flag": 1, "change_message": "[{\"added\": {}}]"}}, {"model": "admin.logentry", "pk": 113, "fields": {"action_time": "2021-12-22T07:45:46.108Z", "user": 1, "content_type": 11, "object_id": "60", "object_repr": "aaa", "action_flag": 1, "change_message": "[{\"added\": {}}]"}}, {"model": "admin.logentry", "pk": 114, "fields": {"action_time": "2021-12-22T07:45:50.619Z", "user": 1, "content_type": 11, "object_id": "61", "object_repr": "aaa", "action_flag": 1, "change_message": "[{\"added\": {}}]"}}, {"model": "admin.logentry", "pk": 115, "fields": {"action_time": "2021-12-22T07:45:56.250Z", "user": 1, "content_type": 11, "object_id": "62", "object_repr": "aaa", "action_flag": 1, "change_message": "[{\"added\": {}}]"}}, {"model": "admin.logentry", "pk": 116, "fields": {"action_time": "2021-12-22T07:46:01.639Z", "user": 1, "content_type": 11, "object_id": "63", "object_repr": "aaa", "action_flag": 1, "change_message": "[{\"added\": {}}]"}}, {"model": "admin.logentry", "pk": 117, "fields": {"action_time": "2021-12-22T07:46:08.521Z", "user": 1, "content_type": 11, "object_id": "64", "object_repr": "aaa", "action_flag": 1, "change_message": "[{\"added\": {}}]"}}, {"model": "admin.logentry", "pk": 118, "fields": {"action_time": "2021-12-22T07:46:17.346Z", "user": 1, "content_type": 11, "object_id": "65", "object_repr": "bbb", "action_flag": 1, "change_message": "[{\"added\": {}}]"}}, {"model": "admin.logentry", "pk": 119, "fields": {"action_time": "2021-12-22T07:46:26.856Z", "user": 1, "content_type": 11, "object_id": "66", "object_repr": "bbb", "action_flag": 1, "change_message": "[{\"added\": {}}]"}}, {"model": "admin.logentry", "pk": 120, "fields": {"action_time": "2021-12-22T07:46:33.643Z", "user": 1, "content_type": 11, "object_id": "67", "object_repr": "bbb", "action_flag": 1, "change_message": "[{\"added\": {}}]"}}, {"model": "admin.logentry", "pk": 121, "fields": {"action_time": "2021-12-22T07:46:39.278Z", "user": 1, "content_type": 11, "object_id": "68", "object_repr": "bbb", "action_flag": 1, "change_message": "[{\"added\": {}}]"}}, {"model": "admin.logentry", "pk": 122, "fields": {"action_time": "2021-12-22T07:46:45.020Z", "user": 1, "content_type": 11, "object_id": "69", "object_repr": "bbb", "action_flag": 1, "change_message": "[{\"added\": {}}]"}}, {"model": "admin.logentry", "pk": 123, "fields": {"action_time": "2021-12-22T07:46:52.071Z", "user": 1, "content_type": 11, "object_id": "69", "object_repr": "bbb", "action_flag": 2, "change_message": "[]"}}, {"model": "admin.logentry", "pk": 124, "fields": {"action_time": "2021-12-22T07:47:02.351Z", "user": 1, "content_type": 11, "object_id": "70", "object_repr": "ccc", "action_flag": 1, "change_message": "[{\"added\": {}}]"}}, {"model": "admin.logentry", "pk": 125, "fields": {"action_time": "2021-12-22T07:47:10.415Z", "user": 1, "content_type": 11, "object_id": "71", "object_repr": "ccc", "action_flag": 1, "change_message": "[{\"added\": {}}]"}}, {"model": "admin.logentry", "pk": 126, "fields": {"action_time": "2021-12-22T07:47:15.582Z", "user": 1, "content_type": 11, "object_id": "72", "object_repr": "ccc", "action_flag": 1, "change_message": "[{\"added\": {}}]"}}, {"model": "admin.logentry", "pk": 127, "fields": {"action_time": "2021-12-22T07:47:20.697Z", "user": 1, "content_type": 11, "object_id": "73", "object_repr": "ccc", "action_flag": 1, "change_message": "[{\"added\": {}}]"}}, {"model": "admin.logentry", "pk": 128, "fields": {"action_time": "2021-12-22T07:47:25.829Z", "user": 1, "content_type": 11, "object_id": "74", "object_repr": "ccc", "action_flag": 1, "change_message": "[{\"added\": {}}]"}}, {"model": "admin.logentry", "pk": 129, "fields": {"action_time": "2021-12-22T07:47:33.704Z", "user": 1, "content_type": 11, "object_id": "74", "object_repr": "ccc", "action_flag": 2, "change_message": "[]"}}, {"model": "admin.logentry", "pk": 130, "fields": {"action_time": "2021-12-22T07:47:40.409Z", "user": 1, "content_type": 11, "object_id": "75", "object_repr": "ddd", "action_flag": 1, "change_message": "[{\"added\": {}}]"}}, {"model": "admin.logentry", "pk": 131, "fields": {"action_time": "2021-12-22T07:47:45.927Z", "user": 1, "content_type": 11, "object_id": "76", "object_repr": "ddd", "action_flag": 1, "change_message": "[{\"added\": {}}]"}}, {"model": "admin.logentry", "pk": 132, "fields": {"action_time": "2021-12-22T07:47:52.683Z", "user": 1, "content_type": 11, "object_id": "77", "object_repr": "ddd", "action_flag": 1, "change_message": "[{\"added\": {}}]"}}, {"model": "admin.logentry", "pk": 133, "fields": {"action_time": "2021-12-22T07:48:02.209Z", "user": 1, "content_type": 11, "object_id": "77", "object_repr": "ddd", "action_flag": 2, "change_message": "[]"}}, {"model": "admin.logentry", "pk": 134, "fields": {"action_time": "2021-12-22T07:48:07.148Z", "user": 1, "content_type": 11, "object_id": "78", "object_repr": "ddd", "action_flag": 1, "change_message": "[{\"added\": {}}]"}}, {"model": "admin.logentry", "pk": 135, "fields": {"action_time": "2021-12-22T07:48:15.219Z", "user": 1, "content_type": 11, "object_id": "79", "object_repr": "ddd", "action_flag": 1, "change_message": "[{\"added\": {}}]"}}, {"model": "admin.logentry", "pk": 136, "fields": {"action_time": "2021-12-22T07:48:22.419Z", "user": 1, "content_type": 11, "object_id": "80", "object_repr": "aaa", "action_flag": 1, "change_message": "[{\"added\": {}}]"}}, {"model": "admin.logentry", "pk": 137, "fields": {"action_time": "2021-12-22T07:48:28.569Z", "user": 1, "content_type": 11, "object_id": "81", "object_repr": "aaa", "action_flag": 1, "change_message": "[{\"added\": {}}]"}}, {"model": "admin.logentry", "pk": 138, "fields": {"action_time": "2021-12-22T07:48:34.993Z", "user": 1, "content_type": 11, "object_id": "82", "object_repr": "aaa", "action_flag": 1, "change_message": "[{\"added\": {}}]"}}, {"model": "admin.logentry", "pk": 139, "fields": {"action_time": "2021-12-22T07:48:40.755Z", "user": 1, "content_type": 11, "object_id": "83", "object_repr": "aaa", "action_flag": 1, "change_message": "[{\"added\": {}}]"}}, {"model": "admin.logentry", "pk": 140, "fields": {"action_time": "2021-12-22T07:48:47.348Z", "user": 1, "content_type": 11, "object_id": "84", "object_repr": "aaa", "action_flag": 1, "change_message": "[{\"added\": {}}]"}}, {"model": "admin.logentry", "pk": 141, "fields": {"action_time": "2021-12-22T07:48:54.320Z", "user": 1, "content_type": 11, "object_id": "85", "object_repr": "aaa", "action_flag": 1, "change_message": "[{\"added\": {}}]"}}, {"model": "admin.logentry", "pk": 142, "fields": {"action_time": "2021-12-22T07:49:01.277Z", "user": 1, "content_type": 11, "object_id": "86", "object_repr": "bbb", "action_flag": 1, "change_message": "[{\"added\": {}}]"}}, {"model": "admin.logentry", "pk": 143, "fields": {"action_time": "2021-12-22T07:49:08.871Z", "user": 1, "content_type": 11, "object_id": "87", "object_repr": "bbb", "action_flag": 1, "change_message": "[{\"added\": {}}]"}}, {"model": "admin.logentry", "pk": 144, "fields": {"action_time": "2021-12-22T07:49:18.289Z", "user": 1, "content_type": 11, "object_id": "88", "object_repr": "bbb", "action_flag": 1, "change_message": "[{\"added\": {}}]"}}, {"model": "admin.logentry", "pk": 145, "fields": {"action_time": "2021-12-22T07:49:23.203Z", "user": 1, "content_type": 11, "object_id": "89", "object_repr": "bbb", "action_flag": 1, "change_message": "[{\"added\": {}}]"}}, {"model": "admin.logentry", "pk": 146, "fields": {"action_time": "2021-12-22T07:49:30.137Z", "user": 1, "content_type": 11, "object_id": "90", "object_repr": "bbb", "action_flag": 1, "change_message": "[{\"added\": {}}]"}}, {"model": "admin.logentry", "pk": 147, "fields": {"action_time": "2021-12-22T07:49:44.611Z", "user": 1, "content_type": 11, "object_id": "91", "object_repr": "ccc", "action_flag": 1, "change_message": "[{\"added\": {}}]"}}, {"model": "admin.logentry", "pk": 148, "fields": {"action_time": "2021-12-22T07:49:50.642Z", "user": 1, "content_type": 11, "object_id": "92", "object_repr": "ccc", "action_flag": 1, "change_message": "[{\"added\": {}}]"}}, {"model": "admin.logentry", "pk": 149, "fields": {"action_time": "2021-12-22T07:49:56.850Z", "user": 1, "content_type": 11, "object_id": "93", "object_repr": "ccc", "action_flag": 1, "change_message": "[{\"added\": {}}]"}}, {"model": "admin.logentry", "pk": 150, "fields": {"action_time": "2021-12-22T07:50:03.209Z", "user": 1, "content_type": 11, "object_id": "94", "object_repr": "ccc", "action_flag": 1, "change_message": "[{\"added\": {}}]"}}, {"model": "admin.logentry", "pk": 151, "fields": {"action_time": "2021-12-22T07:50:09.093Z", "user": 1, "content_type": 11, "object_id": "95", "object_repr": "ddd", "action_flag": 1, "change_message": "[{\"added\": {}}]"}}, {"model": "admin.logentry", "pk": 152, "fields": {"action_time": "2021-12-22T07:50:14.481Z", "user": 1, "content_type": 11, "object_id": "96", "object_repr": "ddd", "action_flag": 1, "change_message": "[{\"added\": {}}]"}}, {"model": "admin.logentry", "pk": 153, "fields": {"action_time": "2021-12-22T07:50:19.388Z", "user": 1, "content_type": 11, "object_id": "97", "object_repr": "ddd", "action_flag": 1, "change_message": "[{\"added\": {}}]"}}, {"model": "admin.logentry", "pk": 154, "fields": {"action_time": "2021-12-22T07:50:25.754Z", "user": 1, "content_type": 11, "object_id": "98", "object_repr": "ddd", "action_flag": 1, "change_message": "[{\"added\": {}}]"}}, {"model": "admin.logentry", "pk": 155, "fields": {"action_time": "2021-12-22T07:50:30.984Z", "user": 1, "content_type": 11, "object_id": "99", "object_repr": "ddd", "action_flag": 1, "change_message": "[{\"added\": {}}]"}}, {"model": "admin.logentry", "pk": 156, "fields": {"action_time": "2021-12-22T07:50:37.901Z", "user": 1, "content_type": 11, "object_id": "100", "object_repr": "aaa", "action_flag": 1, "change_message": "[{\"added\": {}}]"}}, {"model": "admin.logentry", "pk": 157, "fields": {"action_time": "2021-12-22T07:50:46.295Z", "user": 1, "content_type": 11, "object_id": "101", "object_repr": "aaa", "action_flag": 1, "change_message": "[{\"added\": {}}]"}}, {"model": "admin.logentry", "pk": 158, "fields": {"action_time": "2021-12-22T07:50:55.135Z", "user": 1, "content_type": 11, "object_id": "102", "object_repr": "aaa", "action_flag": 1, "change_message": "[{\"added\": {}}]"}}, {"model": "admin.logentry", "pk": 159, "fields": {"action_time": "2021-12-22T07:51:03.025Z", "user": 1, "content_type": 11, "object_id": "103", "object_repr": "aaa", "action_flag": 1, "change_message": "[{\"added\": {}}]"}}, {"model": "admin.logentry", "pk": 160, "fields": {"action_time": "2021-12-22T07:51:16.641Z", "user": 1, "content_type": 11, "object_id": "103", "object_repr": "aaa", "action_flag": 2, "change_message": "[]"}}, {"model": "admin.logentry", "pk": 161, "fields": {"action_time": "2021-12-22T07:51:23.159Z", "user": 1, "content_type": 11, "object_id": "104", "object_repr": "aaa", "action_flag": 1, "change_message": "[{\"added\": {}}]"}}, {"model": "admin.logentry", "pk": 162, "fields": {"action_time": "2021-12-22T07:51:32.604Z", "user": 1, "content_type": 11, "object_id": "105", "object_repr": "bbb", "action_flag": 1, "change_message": "[{\"added\": {}}]"}}, {"model": "admin.logentry", "pk": 163, "fields": {"action_time": "2021-12-22T07:51:41.232Z", "user": 1, "content_type": 11, "object_id": "106", "object_repr": "bbb", "action_flag": 1, "change_message": "[{\"added\": {}}]"}}, {"model": "admin.logentry", "pk": 164, "fields": {"action_time": "2021-12-22T07:51:47.567Z", "user": 1, "content_type": 11, "object_id": "107", "object_repr": "bbb", "action_flag": 1, "change_message": "[{\"added\": {}}]"}}, {"model": "admin.logentry", "pk": 165, "fields": {"action_time": "2021-12-22T07:51:53.776Z", "user": 1, "content_type": 11, "object_id": "108", "object_repr": "bbb", "action_flag": 1, "change_message": "[{\"added\": {}}]"}}, {"model": "admin.logentry", "pk": 166, "fields": {"action_time": "2021-12-22T07:51:59.284Z", "user": 1, "content_type": 11, "object_id": "109", "object_repr": "bbb", "action_flag": 1, "change_message": "[{\"added\": {}}]"}}, {"model": "admin.logentry", "pk": 167, "fields": {"action_time": "2021-12-22T07:52:07.217Z", "user": 1, "content_type": 11, "object_id": "110", "object_repr": "ccc", "action_flag": 1, "change_message": "[{\"added\": {}}]"}}, {"model": "admin.logentry", "pk": 168, "fields": {"action_time": "2021-12-22T07:52:16.637Z", "user": 1, "content_type": 11, "object_id": "111", "object_repr": "ccc", "action_flag": 1, "change_message": "[{\"added\": {}}]"}}, {"model": "admin.logentry", "pk": 169, "fields": {"action_time": "2021-12-22T07:52:22.918Z", "user": 1, "content_type": 11, "object_id": "112", "object_repr": "ccc", "action_flag": 1, "change_message": "[{\"added\": {}}]"}}, {"model": "admin.logentry", "pk": 170, "fields": {"action_time": "2021-12-22T07:52:31.787Z", "user": 1, "content_type": 11, "object_id": "113", "object_repr": "ccc", "action_flag": 1, "change_message": "[{\"added\": {}}]"}}, {"model": "admin.logentry", "pk": 171, "fields": {"action_time": "2021-12-22T07:52:45.450Z", "user": 1, "content_type": 11, "object_id": "114", "object_repr": "ccc", "action_flag": 1, "change_message": "[{\"added\": {}}]"}}, {"model": "admin.logentry", "pk": 172, "fields": {"action_time": "2021-12-22T07:53:01.051Z", "user": 1, "content_type": 11, "object_id": "115", "object_repr": "ddd", "action_flag": 1, "change_message": "[{\"added\": {}}]"}}, {"model": "admin.logentry", "pk": 173, "fields": {"action_time": "2021-12-22T07:53:12.022Z", "user": 1, "content_type": 11, "object_id": "116", "object_repr": "ddd", "action_flag": 1, "change_message": "[{\"added\": {}}]"}}, {"model": "admin.logentry", "pk": 174, "fields": {"action_time": "2021-12-22T07:53:18.791Z", "user": 1, "content_type": 11, "object_id": "117", "object_repr": "ddd", "action_flag": 1, "change_message": "[{\"added\": {}}]"}}, {"model": "admin.logentry", "pk": 175, "fields": {"action_time": "2021-12-22T07:53:29.493Z", "user": 1, "content_type": 11, "object_id": "118", "object_repr": "ddd", "action_flag": 1, "change_message": "[{\"added\": {}}]"}}, {"model": "admin.logentry", "pk": 176, "fields": {"action_time": "2021-12-22T07:53:36.832Z", "user": 1, "content_type": 11, "object_id": "119", "object_repr": "ddd", "action_flag": 1, "change_message": "[{\"added\": {}}]"}}, {"model": "admin.logentry", "pk": 177, "fields": {"action_time": "2021-12-22T07:53:44.457Z", "user": 1, "content_type": 11, "object_id": "120", "object_repr": "ddd", "action_flag": 1, "change_message": "[{\"added\": {}}]"}}, {"model": "admin.logentry", "pk": 178, "fields": {"action_time": "2021-12-22T07:54:17.826Z", "user": 1, "content_type": 11, "object_id": "118", "object_repr": "ddd", "action_flag": 3, "change_message": ""}}, {"model": "admin.logentry", "pk": 179, "fields": {"action_time": "2021-12-22T07:55:22.151Z", "user": 1, "content_type": 11, "object_id": "92", "object_repr": "ccc", "action_flag": 2, "change_message": "[]"}}, {"model": "admin.logentry", "pk": 180, "fields": {"action_time": "2021-12-22T07:55:27.036Z", "user": 1, "content_type": 11, "object_id": "92", "object_repr": "ccc", "action_flag": 2, "change_message": "[]"}}, {"model": "admin.logentry", "pk": 181, "fields": {"action_time": "2021-12-22T07:55:36.902Z", "user": 1, "content_type": 11, "object_id": "121", "object_repr": "ccc", "action_flag": 1, "change_message": "[{\"added\": {}}]"}}, {"model": "admin.logentry", "pk": 182, "fields": {"action_time": "2021-12-22T07:56:22.077Z", "user": 1, "content_type": 11, "object_id": "84", "object_repr": "aaa", "action_flag": 3, "change_message": ""}}, {"model": "admin.logentry", "pk": 183, "fields": {"action_time": "2021-12-22T07:57:37.766Z", "user": 1, "content_type": 11, "object_id": "45", "object_repr": "bbb", "action_flag": 3, "change_message": ""}}, {"model": "admin.logentry", "pk": 184, "fields": {"action_time": "2021-12-22T08:00:10.348Z", "user": 1, "content_type": 8, "object_id": "10", "object_repr": "6590012962", "action_flag": 1, "change_message": "[{\"added\": {}}]"}}, {"model": "auth.user", "pk": 1, "fields": {"password": "pbkdf2_sha256$320000$vIahwvHpjRvHz2ZdS69MKG$fI7ErHanmlpP+k+C+7LkFszht8KssPXafuNIa0J/kSI=", "last_login": "2021-12-22T07:18:28.436Z", "is_superuser": true, "username": "asal", "first_name": "", "last_name": "", "email": "asal@test.com", "is_staff": true, "is_active": true, "date_joined": "2021-12-22T07:17:35.890Z", "groups": [], "user_permissions": []}}, {"model": "sessions.session", "pk": "505hn3gsgzypczf6nfpscfwgyvkmqz2z", "fields": {"session_data": ".eJxVjDsOwjAQBe_iGllx_F1Kes5gbXZtHEC2FCcV4u4QKQW0b2beS0Tc1hK3npY4szgLJU6_24T0SHUHfMd6a5JaXZd5krsiD9rltXF6Xg7376BgL99aA4VRsQuokgbILhhHyik_DgaIrM_KMzLBlKxhhGyzs3qAjOB9IifeH88cN8s:1mzvtM:Jb_ZyxYqyX9JsAhQhsXRoQF25v8ScJWG1ref3fHl6fg", "expire_date": "2022-01-05T07:18:28.676Z"}}, {"model": "quiz_app.user", "pk": 10, "fields": {"username": "6590012962", "passw": "1111"}}, {"model": "quiz_app.cattegory", "pk": 100, "fields": {"cat_name": "economical"}}, {"model": "quiz_app.cattegory", "pk": 200, "fields": {"cat_name": "sports"}}, {"model": "quiz_app.cattegory", "pk": 300, "fields": {"cat_name": "artistic"}}, {"model": "quiz_app.cattegory", "pk": 400, "fields": {"cat_name": "Cultural"}}, {"model": "quiz_app.cattegory", "pk": 500, "fields": {"cat_name": "Political"}}, {"model": "quiz_app.qusetion", "pk": 1, "fields": {"quest_title": "question 1", "cat_id": 100, "correct_ans": "a"}}, {"model": "quiz_app.qusetion", "pk": 2, "fields": {"quest_title": "question 2", "cat_id": 100, "correct_ans": "d"}}, {"model": "quiz_app.qusetion", "pk": 3, "fields": {"quest_title": "question 3", "cat_id": 100, "correct_ans": "c"}}, {"model": "quiz_app.qusetion", "pk": 4, "fields": {"quest_title": "question 4", "cat_id": 100, "correct_ans": "a"}}, {"model": "quiz_app.qusetion", "pk": 5, "fields": {"quest_title": "question 5", "cat_id": 100, "correct_ans": "c"}}, {"model": "quiz_app.qusetion", "pk": 6, "fields": {"quest_title": "sport question 1", "cat_id": 200, "correct_ans": "b"}}, {"model": "quiz_app.qusetion", "pk": 7, "fields": {"quest_title": "sport question 2", "cat_id": 200, "correct_ans": "d"}}, {"model": "quiz_app.qusetion", "pk": 8, "fields": {"quest_title": "sport question 3", "cat_id": 200, "correct_ans": "b"}}, {"model": "quiz_app.qusetion", "pk": 9, "fields": {"quest_title": "sport question 4", "cat_id": 200, "correct_ans": "b"}}, {"model": "quiz_app.qusetion", "pk": 10, "fields": {"quest_title": "sport question 5", "cat_id": 200, "correct_ans": "c"}}, {"model": "quiz_app.qusetion", "pk": 11, "fields": {"quest_title": "art question 1", "cat_id": 300, "correct_ans": "a"}}, {"model": "quiz_app.qusetion", "pk": 12, "fields": {"quest_title": "art question 2", "cat_id": 300, "correct_ans": "d"}}, {"model": "quiz_app.qusetion", "pk": 13, "fields": {"quest_title": "art question 3", "cat_id": 300, "correct_ans": "c"}}, {"model": "quiz_app.qusetion", "pk": 14, "fields": {"quest_title": "art question 4", "cat_id": 300, "correct_ans": "a"}}, {"model": "quiz_app.qusetion", "pk": 15, "fields": {"quest_title": "art question 5", "cat_id": 300, "correct_ans": "b"}}, {"model": "quiz_app.qusetion", "pk": 16, "fields": {"quest_title": "cultural question 1", "cat_id": 400, "correct_ans": "d"}}, {"model": "quiz_app.qusetion", "pk": 17, "fields": {"quest_title": "cultural question 2", "cat_id": 400, "correct_ans": "a"}}, {"model": "quiz_app.qusetion", "pk": 18, "fields": {"quest_title": "cultural question 3", "cat_id": 400, "correct_ans": "c"}}, {"model": "quiz_app.qusetion", "pk": 19, "fields": {"quest_title": "cultural question 4", "cat_id": 400, "correct_ans": "b"}}, {"model": "quiz_app.qusetion", "pk": 20, "fields": {"quest_title": "cultural question 5", "cat_id": 400, "correct_ans": "d"}}, {"model": "quiz_app.qusetion", "pk": 21, "fields": {"quest_title": "political question 1", "cat_id": 500, "correct_ans": "c"}}, {"model": "quiz_app.qusetion", "pk": 22, "fields": {"quest_title": "political question 2", "cat_id": 500, "correct_ans": "a"}}, {"model": "quiz_app.qusetion", "pk": 23, "fields": {"quest_title": "political question 3", "cat_id": 500, "correct_ans": "a"}}, {"model": "quiz_app.qusetion", "pk": 24, "fields": {"quest_title": "political question 4", "cat_id": 500, "correct_ans": "d"}}, {"model": "quiz_app.qusetion", "pk": 25, "fields": {"quest_title": "political question 5", "cat_id": 500, "correct_ans": "a"}}, {"model": "quiz_app.answer", "pk": 19, "fields": {"title": "aaa", "quest_id": 1, "answer_a": "a"}}, {"model": "quiz_app.answer", "pk": 20, "fields": {"title": "aaa", "quest_id": 2, "answer_a": "a"}}, {"model": "quiz_app.answer", "pk": 21, "fields": {"title": "aaa", "quest_id": 3, "answer_a": "a"}}, {"model": "quiz_app.answer", "pk": 22, "fields": {"title": "aaa", "quest_id": 4, "answer_a": "a"}}, {"model": "quiz_app.answer", "pk": 23, "fields": {"title": "aaa", "quest_id": 5, "answer_a": "a"}}, {"model": "quiz_app.answer", "pk": 24, "fields": {"title": "bbb", "quest_id": 1, "answer_a": "b"}}, {"model": "quiz_app.answer", "pk": 25, "fields": {"title": "bbb", "quest_id": 2, "answer_a": "b"}}, {"model": "quiz_app.answer", "pk": 26, "fields": {"title": "bbb", "quest_id": 3, "answer_a": "b"}}, {"model": "quiz_app.answer", "pk": 27, "fields": {"title": "bbb", "quest_id": 4, "answer_a": "b"}}, {"model": "quiz_app.answer", "pk": 28, "fields": {"title": "bbb", "quest_id": 5, "answer_a": "b"}}, {"model": "quiz_app.answer", "pk": 29, "fields": {"title": "ccc", "quest_id": 1, "answer_a": "c"}}, {"model": "quiz_app.answer", "pk": 30, "fields": {"title": "ccc", "quest_id": 2, "answer_a": "c"}}, {"model": "quiz_app.answer", "pk": 31, "fields": {"title": "ccc", "quest_id": 4, "answer_a": "c"}}, {"model": "quiz_app.answer", "pk": 32, "fields": {"title": "ccc", "quest_id": 5, "answer_a": "c"}}, {"model": "quiz_app.answer", "pk": 33, "fields": {"title": "ddd", "quest_id": 1, "answer_a": "d"}}, {"model": "quiz_app.answer", "pk": 34, "fields": {"title": "ddd", "quest_id": 2, "answer_a": "d"}}, {"model": "quiz_app.answer", "pk": 35, "fields": {"title": "ddd", "quest_id": 3, "answer_a": "d"}}, {"model": "quiz_app.answer", "pk": 36, "fields": {"title": "ddd", "quest_id": 4, "answer_a": "d"}}, {"model": "quiz_app.answer", "pk": 37, "fields": {"title": "ddd", "quest_id": 5, "answer_a": "d"}}, {"model": "quiz_app.answer", "pk": 38, "fields": {"title": "aaa", "quest_id": 6, "answer_a": "a"}}, {"model": "quiz_app.answer", "pk": 39, "fields": {"title": "aaa", "quest_id": 7, "answer_a": "a"}}, {"model": "quiz_app.answer", "pk": 40, "fields": {"title": "aaa", "quest_id": 8, "answer_a": "a"}}, {"model": "quiz_app.answer", "pk": 41, "fields": {"title": "aaa", "quest_id": 9, "answer_a": "a"}}, {"model": "quiz_app.answer", "pk": 42, "fields": {"title": "aaa", "quest_id": 10, "answer_a": "a"}}, {"model": "quiz_app.answer", "pk": 43, "fields": {"title": "bbb", "quest_id": 6, "answer_a": "b"}}, {"model": "quiz_app.answer", "pk": 44, "fields": {"title": "bbb", "quest_id": 7, "answer_a": "b"}}, {"model": "quiz_app.answer", "pk": 46, "fields": {"title": "bbb", "quest_id": 8, "answer_a": "b"}}, {"model": "quiz_app.answer", "pk": 47, "fields": {"title": "bbb", "quest_id": 9, "answer_a": "b"}}, {"model": "quiz_app.answer", "pk": 48, "fields": {"title": "bbb", "quest_id": 10, "answer_a": "b"}}, {"model": "quiz_app.answer", "pk": 49, "fields": {"title": "ccc", "quest_id": 6, "answer_a": "c"}}, {"model": "quiz_app.answer", "pk": 50, "fields": {"title": "ccc", "quest_id": 7, "answer_a": "c"}}, {"model": "quiz_app.answer", "pk": 51, "fields": {"title": "ccc", "quest_id": 8, "answer_a": "c"}}, {"model": "quiz_app.answer", "pk": 52, "fields": {"title": "ccc", "quest_id": 9, "answer_a": "c"}}, {"model": "quiz_app.answer", "pk": 53, "fields": {"title": "ccc", "quest_id": 10, "answer_a": "c"}}, {"model": "quiz_app.answer", "pk": 54, "fields": {"title": "ddd", "quest_id": 6, "answer_a": "d"}}, {"model": "quiz_app.answer", "pk": 55, "fields": {"title": "ddd", "quest_id": 7, "answer_a": "d"}}, {"model": "quiz_app.answer", "pk": 56, "fields": {"title": "ddd", "quest_id": 8, "answer_a": "d"}}, {"model": "quiz_app.answer", "pk": 57, "fields": {"title": "ddd", "quest_id": 9, "answer_a": "d"}}, {"model": "quiz_app.answer", "pk": 58, "fields": {"title": "ddd", "quest_id": 10, "answer_a": "d"}}, {"model": "quiz_app.answer", "pk": 59, "fields": {"title": "aaa", "quest_id": 11, "answer_a": "a"}}, {"model": "quiz_app.answer", "pk": 60, "fields": {"title": "aaa", "quest_id": 12, "answer_a": "a"}}, {"model": "quiz_app.answer", "pk": 61, "fields": {"title": "aaa", "quest_id": 13, "answer_a": "a"}}, {"model": "quiz_app.answer", "pk": 62, "fields": {"title": "aaa", "quest_id": 14, "answer_a": "a"}}, {"model": "quiz_app.answer", "pk": 63, "fields": {"title": "aaa", "quest_id": 14, "answer_a": "a"}}, {"model": "quiz_app.answer", "pk": 64, "fields": {"title": "aaa", "quest_id": 15, "answer_a": "a"}}, {"model": "quiz_app.answer", "pk": 65, "fields": {"title": "bbb", "quest_id": 11, "answer_a": "a"}}, {"model": "quiz_app.answer", "pk": 66, "fields": {"title": "bbb", "quest_id": 12, "answer_a": "b"}}, {"model": "quiz_app.answer", "pk": 67, "fields": {"title": "bbb", "quest_id": 13, "answer_a": "b"}}, {"model": "quiz_app.answer", "pk": 68, "fields": {"title": "bbb", "quest_id": 14, "answer_a": "b"}}, {"model": "quiz_app.answer", "pk": 69, "fields": {"title": "bbb", "quest_id": 15, "answer_a": "b"}}, {"model": "quiz_app.answer", "pk": 70, "fields": {"title": "ccc", "quest_id": 11, "answer_a": "c"}}, {"model": "quiz_app.answer", "pk": 71, "fields": {"title": "ccc", "quest_id": 12, "answer_a": "c"}}, {"model": "quiz_app.answer", "pk": 72, "fields": {"title": "ccc", "quest_id": 13, "answer_a": "c"}}, {"model": "quiz_app.answer", "pk": 73, "fields": {"title": "ccc", "quest_id": 14, "answer_a": "c"}}, {"model": "quiz_app.answer", "pk": 74, "fields": {"title": "ccc", "quest_id": 15, "answer_a": "c"}}, {"model": "quiz_app.answer", "pk": 75, "fields": {"title": "ddd", "quest_id": 11, "answer_a": "a"}}, {"model": "quiz_app.answer", "pk": 76, "fields": {"title": "ddd", "quest_id": 12, "answer_a": "d"}}, {"model": "quiz_app.answer", "pk": 77, "fields": {"title": "ddd", "quest_id": 13, "answer_a": "d"}}, {"model": "quiz_app.answer", "pk": 78, "fields": {"title": "ddd", "quest_id": 14, "answer_a": "d"}}, {"model": "quiz_app.answer", "pk": 79, "fields": {"title": "ddd", "quest_id": 15, "answer_a": "d"}}, {"model": "quiz_app.answer", "pk": 80, "fields": {"title": "aaa", "quest_id": 16, "answer_a": "a"}}, {"model": "quiz_app.answer", "pk": 81, "fields": {"title": "aaa", "quest_id": 17, "answer_a": "a"}}, {"model": "quiz_app.answer", "pk": 82, "fields": {"title": "aaa", "quest_id": 18, "answer_a": "a"}}, {"model": "quiz_app.answer", "pk": 83, "fields": {"title": "aaa", "quest_id": 19, "answer_a": "a"}}, {"model": "quiz_app.answer", "pk": 85, "fields": {"title": "aaa", "quest_id": 20, "answer_a": "a"}}, {"model": "quiz_app.answer", "pk": 86, "fields": {"title": "bbb", "quest_id": 16, "answer_a": "b"}}, {"model": "quiz_app.answer", "pk": 87, "fields": {"title": "bbb", "quest_id": 17, "answer_a": "b"}}, {"model": "quiz_app.answer", "pk": 88, "fields": {"title": "bbb", "quest_id": 18, "answer_a": "b"}}, {"model": "quiz_app.answer", "pk": 89, "fields": {"title": "bbb", "quest_id": 19, "answer_a": "b"}}, {"model": "quiz_app.answer", "pk": 90, "fields": {"title": "bbb", "quest_id": 20, "answer_a": "b"}}, {"model": "quiz_app.answer", "pk": 91, "fields": {"title": "ccc", "quest_id": 16, "answer_a": "c"}}, {"model": "quiz_app.answer", "pk": 92, "fields": {"title": "ccc", "quest_id": 17, "answer_a": "c"}}, {"model": "quiz_app.answer", "pk": 93, "fields": {"title": "ccc", "quest_id": 19, "answer_a": "c"}}, {"model": "quiz_app.answer", "pk": 94, "fields": {"title": "ccc", "quest_id": 20, "answer_a": "c"}}, {"model": "quiz_app.answer", "pk": 95, "fields": {"title": "ddd", "quest_id": 16, "answer_a": "d"}}, {"model": "quiz_app.answer", "pk": 96, "fields": {"title": "ddd", "quest_id": 17, "answer_a": "d"}}, {"model": "quiz_app.answer", "pk": 97, "fields": {"title": "ddd", "quest_id": 18, "answer_a": "d"}}, {"model": "quiz_app.answer", "pk": 98, "fields": {"title": "ddd", "quest_id": 19, "answer_a": "d"}}, {"model": "quiz_app.answer", "pk": 99, "fields": {"title": "ddd", "quest_id": 20, "answer_a": "d"}}, {"model": "quiz_app.answer", "pk": 100, "fields": {"title": "aaa", "quest_id": 21, "answer_a": "a"}}, {"model": "quiz_app.answer", "pk": 101, "fields": {"title": "aaa", "quest_id": 22, "answer_a": "a"}}, {"model": "quiz_app.answer", "pk": 102, "fields": {"title": "aaa", "quest_id": 23, "answer_a": "a"}}, {"model": "quiz_app.answer", "pk": 103, "fields": {"title": "aaa", "quest_id": 24, "answer_a": "a"}}, {"model": "quiz_app.answer", "pk": 104, "fields": {"title": "aaa", "quest_id": 25, "answer_a": "a"}}, {"model": "quiz_app.answer", "pk": 105, "fields": {"title": "bbb", "quest_id": 21, "answer_a": "b"}}, {"model": "quiz_app.answer", "pk": 106, "fields": {"title": "bbb", "quest_id": 22, "answer_a": "b"}}, {"model": "quiz_app.answer", "pk": 107, "fields": {"title": "bbb", "quest_id": 23, "answer_a": "b"}}, {"model": "quiz_app.answer", "pk": 108, "fields": {"title": "bbb", "quest_id": 24, "answer_a": "b"}}, {"model": "quiz_app.answer", "pk": 109, "fields": {"title": "bbb", "quest_id": 25, "answer_a": "b"}}, {"model": "quiz_app.answer", "pk": 110, "fields": {"title": "ccc", "quest_id": 21, "answer_a": "c"}}, {"model": "quiz_app.answer", "pk": 111, "fields": {"title": "ccc", "quest_id": 22, "answer_a": "c"}}, {"model": "quiz_app.answer", "pk": 112, "fields": {"title": "ccc", "quest_id": 24, "answer_a": "c"}}, {"model": "quiz_app.answer", "pk": 113, "fields": {"title": "ccc", "quest_id": 24, "answer_a": "c"}}, {"model": "quiz_app.answer", "pk": 114, "fields": {"title": "ccc", "quest_id": 25, "answer_a": "c"}}, {"model": "quiz_app.answer", "pk": 115, "fields": {"title": "ddd", "quest_id": 21, "answer_a": "d"}}, {"model": "quiz_app.answer", "pk": 116, "fields": {"title": "ddd", "quest_id": 22, "answer_a": "d"}}, {"model": "quiz_app.answer", "pk": 117, "fields": {"title": "ddd", "quest_id": 23, "answer_a": "d"}}, {"model": "quiz_app.answer", "pk": 119, "fields": {"title": "ddd", "quest_id": 24, "answer_a": "d"}}, {"model": "quiz_app.answer", "pk": 120, "fields": {"title": "ddd", "quest_id": 25, "answer_a": "d"}}, {"model": "quiz_app.answer", "pk": 121, "fields": {"title": "ccc", "quest_id": 18, "answer_a": "c"}}]